25594,2016,PA323,\\lais\landreg$\PoA\2016\PA323_2016.pdf,AV
25643,2003,PA637,\\lais\landreg$\PoA\2003\PA637_2003.pdf,AV
25526,2009,PA335,\\lais\landreg$\PoA\2009\PA335_2009.pdf,AV
15,2017,PA480,\\lais\landreg$\PoA\2017\PA480_2017.pdf,RJ
29,2017,PA527,\\lais\landreg$\PoA\2017\PA527_2017.pdf,RJ
34,2017,PA366,\\lais\landreg$\PoA\2017\PA366_2017.pdf,RJ
40,2017,PA533,\\lais\landreg$\PoA\2017\PA533_2017.pdf,RJ
25751,2017,PA547,\\lais\landreg$\PoA\2017\PA547_2017.pdf,RJ
25784,2017,PA607,\\lais\landreg$\PoA\2017\PA607_2017.pdf,RJ
25852,2013,PA744,\\lais\landreg$\PoA\2013\PA744_2013.pdf,RJ
25856,2013,PA744,\\lais\landreg$\PoA\2013\PA744_2013.pdf,RJ
23780,2015,PA603,\\lais\landreg$\PoA\2015\PA603_2015.pdf,RJ
24117,2015,PA893,\\lais\landreg$\PoA\2015\PA893_2015.pdf,RJ
23826,2015,PA642,\\lais\landreg$\PoA\2015\PA642_2015.pdf,RJ
23829,2015,PA656,\\lais\landreg$\PoA\2015\PA656_2015.pdf,RJ
23874,2015,PA694,\\lais\landreg$\PoA\2015\PA694_2015.pdf,RJ
23881,2015,PA694,\\lais\landreg$\PoA\2015\PA694_2015.pdf,RJ
23894,2015,PA722,\\lais\landreg$\PoA\2015\PA722_2015.pdf,RJ
23967,2015,PA703,\\lais\landreg$\PoA\2015\PA703_2015.pdf,RJ
23969,2014,PA806,\\lais\landreg$\PoA\2014\PA806_2014.pdf,RJ
24015,2015,PA828,\\lais\landreg$\PoA\2015\PA828_2015.pdf,RJ
24017,2016,PA826,\\lais\landreg$\PoA\2016\PA826_2016.pdf,RJ
24019,2006,PA1128,\\lais\landreg$\PoA\2006\PA1128_2006.pdf,RJ
24040,2015,PA482,\\lais\landreg$\PoA\2015\PA482_2015.pdf,RJ
24046,2015,PA858,\\lais\landreg$\PoA\2015\PA858_2015.pdf,RJ
24055,2015,PA846,\\lais\landreg$\PoA\2015\PA846_2015.pdf,RJ
24176,2015,PA879,\\lais\landreg$\PoA\2015\PA879_2015.pdf,RJ
24181,2016,PA90,\\lais\landreg$\PoA\2016\PA90_2016.pdf,RJ
24245,2016,PA74,\\lais\landreg$\PoA\2016\PA74_2016.pdf,RJ
24286,2016,PA156,\\lais\landreg$\PoA\2016\PA156_2016.pdf,RJ
24292,2016,PA148,\\lais\landreg$\PoA\2016\PA148_2016.pdf,AV
24764,2016,PA787,\\lais\landreg$\PoA\2016\PA787_2016.pdf,AV
24788,2016,PA762,\\lais\landreg$\PoA\2016\PA762_2016.pdf,AV
25355,2017,PA263,\\lais\landreg$\PoA\2017\PA263_2017.pdf,AV
24905,2016,PA829,\\lais\landreg$\PoA\2016\PA829_2016.pdf,AV
24379,2016,PA255,\\lais\landreg$\PoA\2016\PA255_2016.pdf,RJ
24399,2016,PA191,\\lais\landreg$\PoA\2016\PA191_2016.pdf,RJ
24447,2016,PA310,\\lais\landreg$\PoA\2016\PA310_2016.pdf,RJ
24467,2016,PA323,\\lais\landreg$\PoA\2016\PA323_2016.pdf,RJ
24470,2015,PA201,\\lais\landreg$\PoA\2015\PA201_2015.pdf,RJ
24498,2016,PA385,\\lais\landreg$\PoA\2016\PA385_2016.pdf,AV
24502,2016,PA148,\\lais\landreg$\PoA\2016\PA148_2016.pdf,RJ
24508,2016,PA401,\\lais\landreg$\PoA\2016\PA401_2016.pdf,RJ
24516,2016,PA368,\\lais\landreg$\PoA\2016\PA368_2016.pdf,RJ
24536,2016,PA281,\\lais\landreg$\PoA\2016\PA281_2016.pdf,RJ
24542,2016,PA310,\\lais\landreg$\PoA\2016\PA310_2016.pdf,RJ
24549,2016,PA385,\\lais\landreg$\PoA\2016\PA385_2016.pdf,RJ
24557,2016,PA375,\\lais\landreg$\PoA\2016\PA375_2016.pdf,RJ
24587,2016,PA477,\\lais\landreg$\PoA\2016\PA477_2016.pdf,RJ
24601,2015,PA893,\\lais\landreg$\PoA\2015\PA893_2015.pdf,RJ
24675,2003,PA637,\\lais\landreg$\PoA\2003\PA637_2003.pdf,RJ
24709,2016,PA545,\\lais\landreg$\PoA\2016\PA545_2016.pdf,RJ
24710,2016,PA549,\\lais\landreg$\PoA\2016\PA549_2016.pdf,RJ
24727,2016,PA654,\\lais\landreg$\PoA\2016\PA654_2016.pdf,RJ
24744,2016,PA742,\\lais\landreg$\PoA\2016\PA742_2016.pdf,RJ
24985,2016,PA877,\\lais\landreg$\PoA\2016\PA877_2016.pdf,AV
25067,2017,PA33,\\lais\landreg$\PoA\2017\PA33_2017.pdf,AV
25106,2017,PA46,\\lais\landreg$\PoA\2017\PA46_2017.pdf,AV
25117,2017,PA35,\\lais\landreg$\PoA\2017\PA35_2017.pdf,AV
25129,2017,PA52,\\lais\landreg$\PoA\2017\PA52_2017.pdf,AV
25155,2017,PA67,\\lais\landreg$\PoA\2017\PA67_2017.pdf,AV
25167,2017,PA178,\\lais\landreg$\PoA\2017\PA178_2017.pdf,AV
25172,2017,PA84,\\lais\landreg$\PoA\2017\PA84_2017.pdf,AV
25182,2017,PA180,\\lais\landreg$\PoA\2017\PA180_2017.pdf,AV
25193,2017,PA182,\\lais\landreg$\PoA\2017\PA182_2017.pdf,AV
25197,2017,PA181,\\lais\landreg$\PoA\2017\PA181_2017.pdf,AV
25198,2017,PA180,\\lais\landreg$\PoA\2017\PA180_2017.pdf,AV
25208,2017,PA143,\\lais\landreg$\PoA\2017\PA143_2017.pdf,AV
25216,2017,PA142,\\lais\landreg$\PoA\2017\PA142_2017.pdf,AV
25224,2017,PA181,\\lais\landreg$\PoA\2017\PA181_2017.pdf,AV
25235,2017,PA128,\\lais\landreg$\PoA\2017\PA128_2017.pdf,AV
25238,2017,PA143,\\lais\landreg$\PoA\2017\PA143_2017.pdf,AV
25239,2017,PA72,\\lais\landreg$\PoA\2017\PA72_2017.pdf,AV
25245,2017,PA121,\\lais\landreg$\PoA\2017\PA121_2017.pdf,AV
25264,2017,PA339,\\lais\landreg$\PoA\2017\PA339_2017.pdf,AV
25277,2017,PA356,\\lais\landreg$\PoA\2017\PA356_2017.pdf,AV
25278,2017,PA353,\\lais\landreg$\PoA\2017\PA353_2017.pdf,AV
25279,2017,PA345,\\lais\landreg$\PoA\2017\PA345_2017.pdf,AV
25282,2017,PA269,\\lais\landreg$\PoA\2017\PA269_2017.pdf,AV
25288,2017,PA308,\\lais\landreg$\PoA\2017\PA308_2017.pdf,AV
25293,2017,PA322,\\lais\landreg$\PoA\2017\PA322_2017.pdf,AV
25294,2017,PA230,\\lais\landreg$\PoA\2017\PA230_2017.pdf,AV
25301,2017,PA275,\\lais\landreg$\PoA\2017\PA275_2017.pdf,AV
25305,2017,PA310,\\lais\landreg$\PoA\2017\PA310_2017.pdf,AV
25309,2017,PA261,\\lais\landreg$\PoA\2017\PA261_2017.pdf,AV
25314,2017,PA346,\\lais\landreg$\PoA\2017\PA346_2017.pdf,AV
25315,2017,PA338,\\lais\landreg$\PoA\2017\PA338_2017.pdf,AV
25317,2017,PA349,\\lais\landreg$\PoA\2017\PA349_2017.pdf,AV
25319,2017,PA342,\\lais\landreg$\PoA\2017\PA342_2017.pdf,AV
25322,2017,PA337,\\lais\landreg$\PoA\2017\PA337_2017.pdf,AV
25326,2017,PA267,\\lais\landreg$\PoA\2017\PA267_2017.pdf,AV
25328,2017,PA266,\\lais\landreg$\PoA\2017\PA266_2017.pdf,AV
25332,2017,PA264,\\lais\landreg$\PoA\2017\PA264_2017.pdf,AV
25333,2017,PA265,\\lais\landreg$\PoA\2017\PA265_2017.pdf,AV
25344,2017,PA238,\\lais\landreg$\PoA\2017\PA238_2017.pdf,AV
25348,2012,PA46,\\lais\landreg$\PoA\2012\PA46_2012.pdf,AV
25349,2017,PA178,\\lais\landreg$\PoA\2017\PA178_2017.pdf,AV
25358,2017,PA250,\\lais\landreg$\PoA\2017\PA250_2017.pdf,AV
25360,2017,PA258,\\lais\landreg$\PoA\2017\PA258_2017.pdf,AV
25364,2017,PA57,\\lais\landreg$\PoA\2017\PA57_2017.pdf,AV
25367,2017,PA223,\\lais\landreg$\PoA\2017\PA223_2017.pdf,AV
25368,2017,PA222,\\lais\landreg$\PoA\2017\PA222_2017.pdf,AV
25376,2017,PA303,\\lais\landreg$\PoA\2017\PA303_2017.pdf,AV
25380,2017,PA295,\\lais\landreg$\PoA\2017\PA295_2017.pdf,AV
25384,2017,PA277,\\lais\landreg$\PoA\2017\PA277_2017.pdf,AV
25409,2017,PA246,\\lais\landreg$\PoA\2017\PA246_2017.pdf,AV
25413,2017,PA199,\\lais\landreg$\PoA\2017\PA199_2017.pdf,AV
25436,2017,PA225,\\lais\landreg$\PoA\2017\PA225_2017.pdf,AV
25438,2017,PA206,\\lais\landreg$\PoA\2017\PA206_2017.pdf,AV
25443,2017,PA215,\\lais\landreg$\PoA\2017\PA215_2017.pdf,AV
25449,2017,PA218,\\lais\landreg$\PoA\2017\PA218_2017.pdf,AV
25458,2017,PA351,\\lais\landreg$\PoA\2017\PA351_2017.pdf,AV
25467,2017,PA396,\\lais\landreg$\PoA\2017\PA396_2017.pdf,AV
25517,2017,PA402,\\lais\landreg$\PoA\2017\PA402_2017.pdf,AV
25518,2016,PA724,\\lais\landreg$\PoA\2016\PA724_2016.pdf,AV
25527,2009,PA335,\\lais\landreg$\PoA\2009\PA335_2009.pdf,AV
25598,2009,PA670,\\lais\landreg$\PoA\2009\PA670_2009.pdf,AV
25570,2016,PA311,\\lais\landreg$\PoA\2016\PA311_2016.pdf,AV
25601,2012,PA750,\\lais\landreg$\PoA\2012\PA750_2012.pdf,AV
25603,2013,PA797,\\lais\landreg$\PoA\2013\PA797_2013.pdf,AV
25635,2005,PA319,\\lais\landreg$\PoA\2005\PA319_2005.pdf,AV
27,2017,PA477,\\lais\landreg$\PoA\2017\PA477_2017.pdf,RJ
25990,2003,PA637,\\lais\landreg$\PoA\2003\PA637_2003.pdf,AV
23760,2015,PA592,\\lais\landreg$\PoA\2015\PA592_2015.pdf,RJ
23809,2015,PA636,\\lais\landreg$\PoA\2015\PA636_2015.pdf,RJ
24514,2016,PA375,\\lais\landreg$\PoA\2016\PA375_2016.pdf,AV
1242,1989,PA367,\\lais\landreg$\PoA\1989\PA367_1989.pdf,VF
1243,1989,PA366,\\lais\landreg$\PoA\1989\PA366_1989.pdf,VF
1361,1989,PA410,\\lais\landreg$\PoA\1989\PA410_1989.pdf,VF
1439,1989,PA474,\\lais\landreg$\PoA\1989\PA474_1989.pdf,VF
25440,2017,PA214,\\lais\landreg$\PoA\2017\PA214_2017.pdf,AV
25403,2017,PA247,\\lais\landreg$\PoA\2017\PA247_2017.pdf,AV
25506,2017,PA399,\\lais\landreg$\PoA\2017\PA399_2017.pdf,AV
1478,1989,PA562,\\lais\landreg$\PoA\1989\PA562_1989.pdf,VF
966,1989,PA50,\\lais\landreg$\PoA\1989\PA50_1989.pdf,VF
967,1989,PA49,\\lais\landreg$\PoA\1989\PA49_1989.pdf,VF
968,1989,PA48,\\lais\landreg$\PoA\1989\PA48_1989.pdf,VF
969,1989,PA47,\\lais\landreg$\PoA\1989\PA47_1989.pdf,VF
970,1989,PA46,\\lais\landreg$\PoA\1989\PA46_1989.pdf,VF
971,1989,PA45,\\lais\landreg$\PoA\1989\PA45_1989.pdf,VF
972,1989,PA44,\\lais\landreg$\PoA\1989\PA44_1989.pdf,VF
973,1989,PA43,\\lais\landreg$\PoA\1989\PA43_1989.pdf,VF
974,1989,PA41,\\lais\landreg$\PoA\1989\PA41_1989.pdf,VF
975,1989,PA40,\\lais\landreg$\PoA\1989\PA40_1989.pdf,VF
979,1989,PA38,\\lais\landreg$\PoA\1989\PA38_1989.pdf,VF
981,1989,PA37,\\lais\landreg$\PoA\1989\PA37_1989.pdf,VF
982,1989,PA36,\\lais\landreg$\PoA\1989\PA36_1989.pdf,VF
983,1989,PA35,\\lais\landreg$\PoA\1989\PA35_1989.pdf,VF
984,1989,PA34,\\lais\landreg$\PoA\1989\PA34_1989.pdf,VF
990,1989,PA31,\\lais\landreg$\PoA\1989\PA31_1989.pdf,VF
991,1989,PA32,\\lais\landreg$\PoA\1989\PA32_1989.pdf,VF
992,1989,PA30,\\lais\landreg$\PoA\1989\PA30_1989.pdf,VF
993,1989,PA29,\\lais\landreg$\PoA\1989\PA29_1989.pdf,VF
1031,1989,PA8,\\lais\landreg$\PoA\1989\PA8_1989.pdf,VF
1038,1989,PA6,\\lais\landreg$\PoA\1989\PA6_1989.pdf,VF
1039,1989,PA5,\\lais\landreg$\PoA\1989\PA5_1989.pdf,VF
1041,1989,PA4,\\lais\landreg$\PoA\1989\PA4_1989.pdf,VF
1042,1989,PA3,\\lais\landreg$\PoA\1989\PA3_1989.pdf,VF
1043,1989,PA2,\\lais\landreg$\PoA\1989\PA2_1989.pdf,VF
1049,1989,PA98,\\lais\landreg$\PoA\1989\PA98_1989.pdf,VF
1051,1989,PA97,\\lais\landreg$\PoA\1989\PA97_1989.pdf,VF
1052,1989,PA96,\\lais\landreg$\PoA\1989\PA96_1989.pdf,VF
1053,1989,PA95,\\lais\landreg$\PoA\1989\PA95_1989.pdf,VF
1054,1989,PA94,\\lais\landreg$\PoA\1989\PA94_1989.pdf,VF
1056,1989,PA93,\\lais\landreg$\PoA\1989\PA93_1989.pdf,VF
1057,1989,PA92,\\lais\landreg$\PoA\1989\PA92_1989.pdf,VF
1059,1989,PA91,\\lais\landreg$\PoA\1989\PA91_1989.pdf,VF
1061,1989,PA89,\\lais\landreg$\PoA\1989\PA89_1989.pdf,VF
1063,1989,PA88,\\lais\landreg$\PoA\1989\PA88_1989.pdf,VF
1064,1989,PA87,\\lais\landreg$\PoA\1989\PA87_1989.pdf,VF
1066,1989,PA86,\\lais\landreg$\PoA\1989\PA86_1989.pdf,VF
1068,1989,PA85,\\lais\landreg$\PoA\1989\PA85_1989.pdf,VF
1069,1989,PA83,\\lais\landreg$\PoA\1989\PA83_1989.pdf,VF
1070,1989,PA9,\\lais\landreg$\PoA\1989\PA9_1989.pdf,VF
1072,1989,PA82,\\lais\landreg$\PoA\1989\PA82_1989.pdf,VF
1074,1989,PA81,\\lais\landreg$\PoA\1989\PA81_1989.pdf,VF
1076,1989,PA80,\\lais\landreg$\PoA\1989\PA80_1989.pdf,VF
1077,1989,PA79,\\lais\landreg$\PoA\1989\PA79_1989.pdf,VF
1079,1989,PA78,\\lais\landreg$\PoA\1989\PA78_1989.pdf,VF
1081,1989,PA77,\\lais\landreg$\PoA\1989\PA77_1989.pdf,VF
1083,1989,PA76,\\lais\landreg$\PoA\1989\PA76_1989.pdf,VF
1086,1989,PA75,\\lais\landreg$\PoA\1989\PA75_1989.pdf,VF
1087,1989,PA74,\\lais\landreg$\PoA\1989\PA74_1989.pdf,VF
1089,1989,PA73,\\lais\landreg$\PoA\1989\PA73_1989.pdf,VF
1091,1989,PA72,\\lais\landreg$\PoA\1989\PA72_1989.pdf,VF
1092,1989,PA7,\\lais\landreg$\PoA\1989\PA7_1989.pdf,VF
1094,1989,PA70,\\lais\landreg$\PoA\1989\PA70_1989.pdf,VF
1096,1989,PA69,\\lais\landreg$\PoA\1989\PA69_1989.pdf,VF
1097,1989,PA68,\\lais\landreg$\PoA\1989\PA68_1989.pdf,VF
1098,1989,PA67,\\lais\landreg$\PoA\1989\PA67_1989.pdf,VF
1100,1989,PA66,\\lais\landreg$\PoA\1989\PA66_1989.pdf,VF
1101,1989,PA65,\\lais\landreg$\PoA\1989\PA65_1989.pdf,VF
1103,1989,PA64,\\lais\landreg$\PoA\1989\PA64_1989.pdf,VF
1104,1989,PA63,\\lais\landreg$\PoA\1989\PA63_1989.pdf,VF
1105,1989,PA62,\\lais\landreg$\PoA\1989\PA62_1989.pdf,VF
1106,1989,PA61,\\lais\landreg$\PoA\1989\PA61_1989.pdf,VF
1107,1989,PA60,\\lais\landreg$\PoA\1989\PA60_1989.pdf,VF
1108,1989,PA59,\\lais\landreg$\PoA\1989\PA59_1989.pdf,VF
1110,1989,PA58,\\lais\landreg$\PoA\1989\PA58_1989.pdf,VF
1111,1989,PA57,\\lais\landreg$\PoA\1989\PA57_1989.pdf,VF
1112,1989,PA56,\\lais\landreg$\PoA\1989\PA56_1989.pdf,VF
1113,1989,PA55,\\lais\landreg$\PoA\1989\PA55_1989.pdf,VF
1114,1989,PA54,\\lais\landreg$\PoA\1989\PA54_1989.pdf,VF
1116,1989,PA53,\\lais\landreg$\PoA\1989\PA53_1989.pdf,VF
1121,1989,PA51,\\lais\landreg$\PoA\1989\PA51_1989.pdf,VF
1157,1989,PA90,\\lais\landreg$\PoA\1989\PA90_1989.pdf,VF
1158,1989,PA99,\\lais\landreg$\PoA\1989\PA99_1989.pdf,VF
1159,1989,PA42,\\lais\landreg$\PoA\1989\PA42_1989.pdf,VF
1160,1989,PA33,\\lais\landreg$\PoA\1989\PA33_1989.pdf,VF
1394,1989,PA408,\\lais\landreg$\PoA\1989\PA408_1989.pdf,VF
1210,1989,PA395,\\lais\landreg$\PoA\1989\PA395_1989.pdf,VF
1213,1989,PA394,\\lais\landreg$\PoA\1989\PA394_1989.pdf,VF
1214,1989,PA393,\\lais\landreg$\PoA\1989\PA393_1989.pdf,VF
1215,1989,PA392,\\lais\landreg$\PoA\1989\PA392_1989.pdf,VF
1216,1989,PA391,\\lais\landreg$\PoA\1989\PA391_1989.pdf,VF
1217,1989,PA390,\\lais\landreg$\PoA\1989\PA390_1989.pdf,VF
1218,1989,PA389,\\lais\landreg$\PoA\1989\PA389_1989.pdf,VF
1219,1989,PA387,\\lais\landreg$\PoA\1989\PA387_1989.pdf,VF
1220,1989,PA385,\\lais\landreg$\PoA\1989\PA385_1989.pdf,VF
1221,1989,PA384,\\lais\landreg$\PoA\1989\PA384_1989.pdf,VF
1222,1989,PA383,\\lais\landreg$\PoA\1989\PA383_1989.pdf,VF
1223,1989,PA382,\\lais\landreg$\PoA\1989\PA382_1989.pdf,VF
1224,1989,PA381,\\lais\landreg$\PoA\1989\PA381_1989.pdf,VF
1225,1989,PA300,\\lais\landreg$\PoA\1989\PA300_1989.pdf,VF
1226,1989,PA299,\\lais\landreg$\PoA\1989\PA299_1989.pdf,VF
1227,1989,PA297,\\lais\landreg$\PoA\1989\PA297_1989.pdf,VF
1228,1989,PA298,\\lais\landreg$\PoA\1989\PA298_1989.pdf,VF
1229,1989,PA380,\\lais\landreg$\PoA\1989\PA380_1989.pdf,VF
1230,1989,PA379,\\lais\landreg$\PoA\1989\PA379_1989.pdf,VF
1231,1989,PA296,\\lais\landreg$\PoA\1989\PA296_1989.pdf,VF
1232,1989,PA378,\\lais\landreg$\PoA\1989\PA378_1989.pdf,VF
1233,1989,PA295,\\lais\landreg$\PoA\1989\PA295_1989.pdf,VF
1234,1989,PA377,\\lais\landreg$\PoA\1989\PA377_1989.pdf,VF
1235,1989,PA375,\\lais\landreg$\PoA\1989\PA375_1989.pdf,VF
1236,1989,PA374,\\lais\landreg$\PoA\1989\PA374_1989.pdf,VF
1237,1989,PA372,\\lais\landreg$\PoA\1989\PA372_1989.pdf,VF
1238,1989,PA371,\\lais\landreg$\PoA\1989\PA371_1989.pdf,VF
1239,1989,PA370,\\lais\landreg$\PoA\1989\PA370_1989.pdf,VF
1240,1989,PA369,\\lais\landreg$\PoA\1989\PA369_1989.pdf,VF
1241,1989,PA293,\\lais\landreg$\PoA\1989\PA293_1989.pdf,VF
1244,1989,PA365,\\lais\landreg$\PoA\1989\PA365_1989.pdf,VF
1246,1989,PA360,\\lais\landreg$\PoA\1989\PA360_1989.pdf,VF
1248,1989,PA363,\\lais\landreg$\PoA\1989\PA363_1989.pdf,VF
1249,1989,PA362,\\lais\landreg$\PoA\1989\PA362_1989.pdf,VF
1250,1989,PA359,\\lais\landreg$\PoA\1989\PA359_1989.pdf,VF
1252,1989,PA358,\\lais\landreg$\PoA\1989\PA358_1989.pdf,VF
1254,1989,PA357,\\lais\landreg$\PoA\1989\PA357_1989.pdf,VF
1255,1989,PA356,\\lais\landreg$\PoA\1989\PA356_1989.pdf,VF
1258,1989,PA352,\\lais\landreg$\PoA\1989\PA352_1989.pdf,VF
1259,1989,PA354,\\lais\landreg$\PoA\1989\PA354_1989.pdf,VF
1261,1989,PA353,\\lais\landreg$\PoA\1989\PA353_1989.pdf,VF
1262,1989,PA361,\\lais\landreg$\PoA\1989\PA361_1989.pdf,VF
1264,1989,PA368,\\lais\landreg$\PoA\1989\PA368_1989.pdf,VF
1265,1989,PA373,\\lais\landreg$\PoA\1989\PA373_1989.pdf,VF
1272,1989,PA294,\\lais\landreg$\PoA\1989\PA294_1989.pdf,VF
1274,1989,PA388,\\lais\landreg$\PoA\1989\PA388_1989.pdf,VF
1275,1989,PA345,\\lais\landreg$\PoA\1989\PA345_1989.pdf,VF
1286,1989,PA326,\\lais\landreg$\PoA\1989\PA326_1989.pdf,VF
1289,1989,PA324,\\lais\landreg$\PoA\1989\PA324_1989.pdf,VF
1290,1989,PA327,\\lais\landreg$\PoA\1989\PA327_1989.pdf,VF
1307,1989,PA441,\\lais\landreg$\PoA\1989\PA441_1989.pdf,VF
1308,1989,PA400,\\lais\landreg$\PoA\1989\PA400_1989.pdf,VF
1309,1989,PA440,\\lais\landreg$\PoA\1989\PA440_1989.pdf,VF
1310,1989,PA439,\\lais\landreg$\PoA\1989\PA439_1989.pdf,VF
1311,1989,PA438,\\lais\landreg$\PoA\1989\PA438_1989.pdf,VF
1312,1989,PA437,\\lais\landreg$\PoA\1989\PA437_1989.pdf,VF
1313,1989,PA436,\\lais\landreg$\PoA\1989\PA436_1989.pdf,VF
1314,1989,PA548,\\lais\landreg$\PoA\1989\PA548_1989.pdf,VF
1315,1989,PA433,\\lais\landreg$\PoA\1989\PA433_1989.pdf,VF
1316,1989,PA432,\\lais\landreg$\PoA\1989\PA432_1989.pdf,VF
1317,1989,PA431,\\lais\landreg$\PoA\1989\PA431_1989.pdf,VF
1318,1989,PA430,\\lais\landreg$\PoA\1989\PA430_1989.pdf,VF
1319,1989,PA429,\\lais\landreg$\PoA\1989\PA429_1989.pdf,VF
1320,1989,PA428,\\lais\landreg$\PoA\1989\PA428_1989.pdf,VF
1321,1989,PA427,\\lais\landreg$\PoA\1989\PA427_1989.pdf,VF
1322,1989,PA426,\\lais\landreg$\PoA\1989\PA426_1989.pdf,VF
1323,1989,PA550,\\lais\landreg$\PoA\1989\PA550_1989.pdf,VF
1324,1989,PA425,\\lais\landreg$\PoA\1989\PA425_1989.pdf,VF
1325,1989,PA549,\\lais\landreg$\PoA\1989\PA549_1989.pdf,VF
1326,1989,PA424,\\lais\landreg$\PoA\1989\PA424_1989.pdf,VF
1327,1989,PA546,\\lais\landreg$\PoA\1989\PA546_1989.pdf,VF
1328,1989,PA423,\\lais\landreg$\PoA\1989\PA423_1989.pdf,VF
1329,1989,PA545,\\lais\landreg$\PoA\1989\PA545_1989.pdf,VF
1330,1989,PA422,\\lais\landreg$\PoA\1989\PA422_1989.pdf,VF
1331,1989,PA544,\\lais\landreg$\PoA\1989\PA544_1989.pdf,VF
1332,1989,PA543,\\lais\landreg$\PoA\1989\PA543_1989.pdf,VF
1333,1989,PA421,\\lais\landreg$\PoA\1989\PA421_1989.pdf,VF
1334,1989,PA542,\\lais\landreg$\PoA\1989\PA542_1989.pdf,VF
1335,1989,PA541,\\lais\landreg$\PoA\1989\PA541_1989.pdf,VF
1336,1989,PA420,\\lais\landreg$\PoA\1989\PA420_1989.pdf,VF
1337,1989,PA540,\\lais\landreg$\PoA\1989\PA540_1989.pdf,VF
1338,1989,PA419,\\lais\landreg$\PoA\1989\PA419_1989.pdf,VF
1339,1989,PA539,\\lais\landreg$\PoA\1989\PA539_1989.pdf,VF
1340,1989,PA538,\\lais\landreg$\PoA\1989\PA538_1989.pdf,VF
1341,1989,PA418,\\lais\landreg$\PoA\1989\PA418_1989.pdf,VF
1342,1989,PA537,\\lais\landreg$\PoA\1989\PA537_1989.pdf,VF
1343,1989,PA417,\\lais\landreg$\PoA\1989\PA417_1989.pdf,VF
1344,1989,PA536,\\lais\landreg$\PoA\1989\PA536_1989.pdf,VF
1345,1989,PA416,\\lais\landreg$\PoA\1989\PA416_1989.pdf,VF
1346,1989,PA535,\\lais\landreg$\PoA\1989\PA535_1989.pdf,VF
1347,1989,PA534,\\lais\landreg$\PoA\1989\PA534_1989.pdf,VF
1348,1989,PA415,\\lais\landreg$\PoA\1989\PA415_1989.pdf,VF
1349,1989,PA533,\\lais\landreg$\PoA\1989\PA533_1989.pdf,VF
1350,1989,PA414,\\lais\landreg$\PoA\1989\PA414_1989.pdf,VF
1351,1989,PA531,\\lais\landreg$\PoA\1989\PA531_1989.pdf,VF
1352,1989,PA413,\\lais\landreg$\PoA\1989\PA413_1989.pdf,VF
1353,1989,PA530,\\lais\landreg$\PoA\1989\PA530_1989.pdf,VF
1354,1989,PA529,\\lais\landreg$\PoA\1989\PA529_1989.pdf,VF
1355,1989,PA528,\\lais\landreg$\PoA\1989\PA528_1989.pdf,VF
1356,1989,PA412,\\lais\landreg$\PoA\1989\PA412_1989.pdf,VF
1357,1989,PA527,\\lais\landreg$\PoA\1989\PA527_1989.pdf,VF
1358,1989,PA526,\\lais\landreg$\PoA\1989\PA526_1989.pdf,VF
1359,1989,PA411,\\lais\landreg$\PoA\1989\PA411_1989.pdf,VF
1360,1989,PA525,\\lais\landreg$\PoA\1989\PA525_1989.pdf,VF
1362,1989,PA409,\\lais\landreg$\PoA\1989\PA409_1989.pdf,VF
1363,1989,PA524,\\lais\landreg$\PoA\1989\PA524_1989.pdf,VF
1364,1989,PA407,\\lais\landreg$\PoA\1989\PA407_1989.pdf,VF
1365,1989,PA523,\\lais\landreg$\PoA\1989\PA523_1989.pdf,VF
1366,1989,PA406,\\lais\landreg$\PoA\1989\PA406_1989.pdf,VF
1367,1989,PA522,\\lais\landreg$\PoA\1989\PA522_1989.pdf,VF
1368,1989,PA405,\\lais\landreg$\PoA\1989\PA405_1989.pdf,VF
1369,1989,PA521,\\lais\landreg$\PoA\1989\PA521_1989.pdf,VF
1370,1989,PA404,\\lais\landreg$\PoA\1989\PA404_1989.pdf,VF
1371,1989,PA520,\\lais\landreg$\PoA\1989\PA520_1989.pdf,VF
1372,1989,PA519,\\lais\landreg$\PoA\1989\PA519_1989.pdf,VF
1373,1989,PA518,\\lais\landreg$\PoA\1989\PA518_1989.pdf,VF
1374,1989,PA517,\\lais\landreg$\PoA\1989\PA517_1989.pdf,VF
1375,1989,PA516,\\lais\landreg$\PoA\1989\PA516_1989.pdf,VF
1376,1989,PA515,\\lais\landreg$\PoA\1989\PA515_1989.pdf,VF
1377,1989,PA403,\\lais\landreg$\PoA\1989\PA403_1989.pdf,VF
1378,1989,PA514,\\lais\landreg$\PoA\1989\PA514_1989.pdf,VF
1379,1989,PA513,\\lais\landreg$\PoA\1989\PA513_1989.pdf,VF
1380,1989,PA512,\\lais\landreg$\PoA\1989\PA512_1989.pdf,VF
1381,1989,PA511,\\lais\landreg$\PoA\1989\PA511_1989.pdf,VF
1382,1989,PA510,\\lais\landreg$\PoA\1989\PA510_1989.pdf,VF
1383,1989,PA509,\\lais\landreg$\PoA\1989\PA509_1989.pdf,VF
1384,1989,PA508,\\lais\landreg$\PoA\1989\PA508_1989.pdf,VF
1385,1989,PA506,\\lais\landreg$\PoA\1989\PA506_1989.pdf,VF
1386,1989,PA402,\\lais\landreg$\PoA\1989\PA402_1989.pdf,VF
1387,1989,PA505,\\lais\landreg$\PoA\1989\PA505_1989.pdf,VF
1388,1989,PA504,\\lais\landreg$\PoA\1989\PA504_1989.pdf,VF
1389,1989,PA401,\\lais\landreg$\PoA\1989\PA401_1989.pdf,VF
1390,1989,PA503,\\lais\landreg$\PoA\1989\PA503_1989.pdf,VF
1391,1989,PA502,\\lais\landreg$\PoA\1989\PA502_1989.pdf,VF
1392,1989,PA501,\\lais\landreg$\PoA\1989\PA501_1989.pdf,VF
1393,1989,PA500,\\lais\landreg$\PoA\1989\PA500_1989.pdf,VF
1395,1989,PA499,\\lais\landreg$\PoA\1989\PA499_1989.pdf,VF
1396,1989,PA498,\\lais\landreg$\PoA\1989\PA498_1989.pdf,VF
1397,1989,PA399,\\lais\landreg$\PoA\1989\PA399_1989.pdf,VF
1398,1989,PA497,\\lais\landreg$\PoA\1989\PA497_1989.pdf,VF
1399,1989,PA496,\\lais\landreg$\PoA\1989\PA496_1989.pdf,VF
1400,1989,PA495,\\lais\landreg$\PoA\1989\PA495_1989.pdf,VF
1401,1989,PA494,\\lais\landreg$\PoA\1989\PA494_1989.pdf,VF
1402,1989,PA398,\\lais\landreg$\PoA\1989\PA398_1989.pdf,VF
1403,1989,PA397,\\lais\landreg$\PoA\1989\PA397_1989.pdf,VF
1404,1989,PA493,\\lais\landreg$\PoA\1989\PA493_1989.pdf,VF
1405,1989,PA492,\\lais\landreg$\PoA\1989\PA492_1989.pdf,VF
1406,1989,PA396,\\lais\landreg$\PoA\1989\PA396_1989.pdf,VF
1407,1989,PA507,\\lais\landreg$\PoA\1989\PA507_1989.pdf,VF
1408,1989,PA491,\\lais\landreg$\PoA\1989\PA491_1989.pdf,VF
1409,1989,PA532,\\lais\landreg$\PoA\1989\PA532_1989.pdf,VF
1410,1989,PA489,\\lais\landreg$\PoA\1989\PA489_1989.pdf,VF
1411,1989,PA547,\\lais\landreg$\PoA\1989\PA547_1989.pdf,VF
1412,1989,PA490,\\lais\landreg$\PoA\1989\PA490_1989.pdf,VF
1413,1989,PA488,\\lais\landreg$\PoA\1989\PA488_1989.pdf,VF
1414,1989,PA486,\\lais\landreg$\PoA\1989\PA486_1989.pdf,VF
1415,1989,PA485,\\lais\landreg$\PoA\1989\PA485_1989.pdf,VF
1416,1989,PA484,\\lais\landreg$\PoA\1989\PA484_1989.pdf,VF
1417,1989,PA483,\\lais\landreg$\PoA\1989\PA483_1989.pdf,VF
1418,1989,PA482,\\lais\landreg$\PoA\1989\PA482_1989.pdf,VF
1419,1989,PA600,\\lais\landreg$\PoA\1989\PA600_1989.pdf,VF
1420,1989,PA599,\\lais\landreg$\PoA\1989\PA599_1989.pdf,VF
1421,1989,PA598,\\lais\landreg$\PoA\1989\PA598_1989.pdf,VF
1422,1989,PA481,\\lais\landreg$\PoA\1989\PA481_1989.pdf,VF
1423,1989,PA596,\\lais\landreg$\PoA\1989\PA596_1989.pdf,VF
1424,1989,PA597,\\lais\landreg$\PoA\1989\PA597_1989.pdf,VF
1425,1989,PA480,\\lais\landreg$\PoA\1989\PA480_1989.pdf,VF
1426,1989,PA595,\\lais\landreg$\PoA\1989\PA595_1989.pdf,VF
1427,1989,PA594,\\lais\landreg$\PoA\1989\PA594_1989.pdf,VF
1428,1989,PA479,\\lais\landreg$\PoA\1989\PA479_1989.pdf,VF
1429,1989,PA593,\\lais\landreg$\PoA\1989\PA593_1989.pdf,VF
1430,1989,PA478,\\lais\landreg$\PoA\1989\PA478_1989.pdf,VF
1431,1989,PA592,\\lais\landreg$\PoA\1989\PA592_1989.pdf,VF
1432,1989,PA477,\\lais\landreg$\PoA\1989\PA477_1989.pdf,VF
1433,1989,PA588,\\lais\landreg$\PoA\1989\PA588_1989.pdf,VF
1434,1989,PA476,\\lais\landreg$\PoA\1989\PA476_1989.pdf,VF
1435,1989,PA587,\\lais\landreg$\PoA\1989\PA587_1989.pdf,VF
1436,1989,PA586,\\lais\landreg$\PoA\1989\PA586_1989.pdf,VF
1437,1989,PA475,\\lais\landreg$\PoA\1989\PA475_1989.pdf,VF
1438,1989,PA585,\\lais\landreg$\PoA\1989\PA585_1989.pdf,VF
1440,1989,PA584,\\lais\landreg$\PoA\1989\PA584_1989.pdf,VF
1441,1989,PA583,\\lais\landreg$\PoA\1989\PA583_1989.pdf,VF
1442,1989,PA582,\\lais\landreg$\PoA\1989\PA582_1989.pdf,VF
1443,1989,PA473,\\lais\landreg$\PoA\1989\PA473_1989.pdf,VF
1444,1989,PA581,\\lais\landreg$\PoA\1989\PA581_1989.pdf,VF
1445,1989,PA472,\\lais\landreg$\PoA\1989\PA472_1989.pdf,VF
1446,1989,PA580,\\lais\landreg$\PoA\1989\PA580_1989.pdf,VF
1447,1989,PA579,\\lais\landreg$\PoA\1989\PA579_1989.pdf,VF
1448,1989,PA471,\\lais\landreg$\PoA\1989\PA471_1989.pdf,VF
1449,1989,PA470,\\lais\landreg$\PoA\1989\PA470_1989.pdf,VF
1450,1989,PA469,\\lais\landreg$\PoA\1989\PA469_1989.pdf,VF
1451,1989,PA577,\\lais\landreg$\PoA\1989\PA577_1989.pdf,VF
1452,1989,PA468,\\lais\landreg$\PoA\1989\PA468_1989.pdf,VF
1453,1989,PA576,\\lais\landreg$\PoA\1989\PA576_1989.pdf,VF
1454,1989,PA467,\\lais\landreg$\PoA\1989\PA467_1989.pdf,VF
1455,1989,PA575,\\lais\landreg$\PoA\1989\PA575_1989.pdf,VF
1456,1989,PA466,\\lais\landreg$\PoA\1989\PA466_1989.pdf,VF
1457,1989,PA574,\\lais\landreg$\PoA\1989\PA574_1989.pdf,VF
1458,1989,PA573,\\lais\landreg$\PoA\1989\PA573_1989.pdf,VF
1459,1989,PA465,\\lais\landreg$\PoA\1989\PA465_1989.pdf,VF
1460,1989,PA572,\\lais\landreg$\PoA\1989\PA572_1989.pdf,VF
1461,1989,PA464,\\lais\landreg$\PoA\1989\PA464_1989.pdf,VF
1462,1989,PA571,\\lais\landreg$\PoA\1989\PA571_1989.pdf,VF
1463,1989,PA570,\\lais\landreg$\PoA\1989\PA570_1989.pdf,VF
1464,1989,PA463,\\lais\landreg$\PoA\1989\PA463_1989.pdf,VF
1465,1989,PA569,\\lais\landreg$\PoA\1989\PA569_1989.pdf,VF
1466,1989,PA462,\\lais\landreg$\PoA\1989\PA462_1989.pdf,VF
1467,1989,PA568,\\lais\landreg$\PoA\1989\PA568_1989.pdf,VF
1468,1989,PA567,\\lais\landreg$\PoA\1989\PA567_1989.pdf,VF
1469,1989,PA461,\\lais\landreg$\PoA\1989\PA461_1989.pdf,VF
1470,1989,PA566,\\lais\landreg$\PoA\1989\PA566_1989.pdf,VF
1471,1989,PA460,\\lais\landreg$\PoA\1989\PA460_1989.pdf,VF
1472,1989,PA565,\\lais\landreg$\PoA\1989\PA565_1989.pdf,VF
1473,1989,PA459,\\lais\landreg$\PoA\1989\PA459_1989.pdf,VF
1474,1989,PA564,\\lais\landreg$\PoA\1989\PA564_1989.pdf,VF
1475,1989,PA458,\\lais\landreg$\PoA\1989\PA458_1989.pdf,VF
1476,1989,PA457,\\lais\landreg$\PoA\1989\PA457_1989.pdf,VF
1477,1989,PA563,\\lais\landreg$\PoA\1989\PA563_1989.pdf,VF
1479,1989,PA456,\\lais\landreg$\PoA\1989\PA456_1989.pdf,VF
1480,1989,PA561,\\lais\landreg$\PoA\1989\PA561_1989.pdf,VF
1481,1989,PA455,\\lais\landreg$\PoA\1989\PA455_1989.pdf,VF
1482,1989,PA556,\\lais\landreg$\PoA\1989\PA556_1989.pdf,VF
1483,1989,PA454,\\lais\landreg$\PoA\1989\PA454_1989.pdf,VF
1484,1989,PA555,\\lais\landreg$\PoA\1989\PA555_1989.pdf,VF
1485,1989,PA554,\\lais\landreg$\PoA\1989\PA554_1989.pdf,VF
1486,1989,PA453,\\lais\landreg$\PoA\1989\PA453_1989.pdf,VF
1487,1989,PA553,\\lais\landreg$\PoA\1989\PA553_1989.pdf,VF
1488,1989,PA452,\\lais\landreg$\PoA\1989\PA452_1989.pdf,VF
1489,1989,PA552,\\lais\landreg$\PoA\1989\PA552_1989.pdf,VF
1490,1989,PA451,\\lais\landreg$\PoA\1989\PA451_1989.pdf,VF
1491,1989,PA551,\\lais\landreg$\PoA\1989\PA551_1989.pdf,VF
1492,1989,PA450,\\lais\landreg$\PoA\1989\PA450_1989.pdf,VF
1493,1989,PA449,\\lais\landreg$\PoA\1989\PA449_1989.pdf,VF
1494,1989,PA448,\\lais\landreg$\PoA\1989\PA448_1989.pdf,VF
1495,1989,PA447,\\lais\landreg$\PoA\1989\PA447_1989.pdf,VF
1496,1989,PA446,\\lais\landreg$\PoA\1989\PA446_1989.pdf,VF
1497,1989,PA445,\\lais\landreg$\PoA\1989\PA445_1989.pdf,VF
1498,1989,PA444,\\lais\landreg$\PoA\1989\PA444_1989.pdf,VF
1499,1989,PA443,\\lais\landreg$\PoA\1989\PA443_1989.pdf,VF
1500,1989,PA442,\\lais\landreg$\PoA\1989\PA442_1989.pdf,VF
1501,1989,PA344,\\lais\landreg$\PoA\1989\PA344_1989.pdf,VF
1502,1989,PA328,\\lais\landreg$\PoA\1989\PA328_1989.pdf,VF
1503,1989,PA329,\\lais\landreg$\PoA\1989\PA329_1989.pdf,VF
1504,1989,PA343,\\lais\landreg$\PoA\1989\PA343_1989.pdf,VF
1505,1989,PA342,\\lais\landreg$\PoA\1989\PA342_1989.pdf,VF
1506,1989,PA341,\\lais\landreg$\PoA\1989\PA341_1989.pdf,VF
1507,1989,PA340,\\lais\landreg$\PoA\1989\PA340_1989.pdf,VF
1508,1989,PA435,\\lais\landreg$\PoA\1989\PA435_1989.pdf,VF
1509,1989,PA434,\\lais\landreg$\PoA\1989\PA434_1989.pdf,VF
1510,1989,PA322,\\lais\landreg$\PoA\1989\PA322_1989.pdf,VF
1511,1989,PA323,\\lais\landreg$\PoA\1989\PA323_1989.pdf,VF
1512,1989,PA321,\\lais\landreg$\PoA\1989\PA321_1989.pdf,VF
1513,1989,PA320,\\lais\landreg$\PoA\1989\PA320_1989.pdf,VF
1514,1989,PA318,\\lais\landreg$\PoA\1989\PA318_1989.pdf,VF
1515,1989,PA317,\\lais\landreg$\PoA\1989\PA317_1989.pdf,VF
1516,1989,PA315,\\lais\landreg$\PoA\1989\PA315_1989.pdf,VF
1517,1989,PA316,\\lais\landreg$\PoA\1989\PA316_1989.pdf,VF
1518,1989,PA314,\\lais\landreg$\PoA\1989\PA314_1989.pdf,VF
1519,1989,PA313,\\lais\landreg$\PoA\1989\PA313_1989.pdf,VF
1520,1989,PA312,\\lais\landreg$\PoA\1989\PA312_1989.pdf,VF
1521,1989,PA311,\\lais\landreg$\PoA\1989\PA311_1989.pdf,VF
1522,1989,PA310,\\lais\landreg$\PoA\1989\PA310_1989.pdf,VF
1523,1989,PA309,\\lais\landreg$\PoA\1989\PA309_1989.pdf,VF
1524,1989,PA308,\\lais\landreg$\PoA\1989\PA308_1989.pdf,VF
1525,1989,PA307,\\lais\landreg$\PoA\1989\PA307_1989.pdf,VF
1526,1989,PA306,\\lais\landreg$\PoA\1989\PA306_1989.pdf,VF
1527,1989,PA305,\\lais\landreg$\PoA\1989\PA305_1989.pdf,VF
1528,1989,PA302,\\lais\landreg$\PoA\1989\PA302_1989.pdf,VF
1529,1989,PA304,\\lais\landreg$\PoA\1989\PA304_1989.pdf,VF
1530,1989,PA303,\\lais\landreg$\PoA\1989\PA303_1989.pdf,VF
1531,1989,PA350,\\lais\landreg$\PoA\1989\PA350_1989.pdf,VF
1532,1989,PA348,\\lais\landreg$\PoA\1989\PA348_1989.pdf,VF
1533,1989,PA349,\\lais\landreg$\PoA\1989\PA349_1989.pdf,VF
1534,1989,PA347,\\lais\landreg$\PoA\1989\PA347_1989.pdf,VF
1535,1989,PA346,\\lais\landreg$\PoA\1989\PA346_1989.pdf,VF
1536,1989,PA301,\\lais\landreg$\PoA\1989\PA301_1989.pdf,VF
1537,1989,PA319,\\lais\landreg$\PoA\1989\PA319_1989.pdf,VF
1538,1989,PA647,\\lais\landreg$\PoA\1989\PA647_1989.pdf,VF
1539,1989,PA646,\\lais\landreg$\PoA\1989\PA646_1989.pdf,VF
1540,1989,PA645,\\lais\landreg$\PoA\1989\PA645_1989.pdf,VF
1541,1989,PA643,\\lais\landreg$\PoA\1989\PA643_1989.pdf,VF
1542,1989,PA642,\\lais\landreg$\PoA\1989\PA642_1989.pdf,VF
1543,1989,PA641,\\lais\landreg$\PoA\1989\PA641_1989.pdf,VF
1544,1989,PA636,\\lais\landreg$\PoA\1989\PA636_1989.pdf,VF
1545,1989,PA635,\\lais\landreg$\PoA\1989\PA635_1989.pdf,VF
1546,1989,PA634,\\lais\landreg$\PoA\1989\PA634_1989.pdf,VF
1547,1989,PA631,\\lais\landreg$\PoA\1989\PA631_1989.pdf,VF
1548,1989,PA630,\\lais\landreg$\PoA\1989\PA630_1989.pdf,VF
1551,1989,PA629,\\lais\landreg$\PoA\1989\PA629_1989.pdf,VF
1552,1989,PA628,\\lais\landreg$\PoA\1989\PA628_1989.pdf,VF
1553,1989,PA626,\\lais\landreg$\PoA\1989\PA626_1989.pdf,VF
1554,1989,PA627,\\lais\landreg$\PoA\1989\PA627_1989.pdf,VF
1555,1989,PA625,\\lais\landreg$\PoA\1989\PA625_1989.pdf,VF
1556,1989,PA624,\\lais\landreg$\PoA\1989\PA624_1989.pdf,VF
1557,1989,PA623,\\lais\landreg$\PoA\1989\PA623_1989.pdf,VF
1558,1989,PA622,\\lais\landreg$\PoA\1989\PA622_1989.pdf,VF
1559,1989,PA620,\\lais\landreg$\PoA\1989\PA620_1989.pdf,VF
1560,1989,PA619,\\lais\landreg$\PoA\1989\PA619_1989.pdf,VF
1561,1989,PA696,\\lais\landreg$\PoA\1989\PA696_1989.pdf,VF
1562,1989,PA618,\\lais\landreg$\PoA\1989\PA618_1989.pdf,VF
1563,1989,PA695,\\lais\landreg$\PoA\1989\PA695_1989.pdf,VF
1564,1989,PA694,\\lais\landreg$\PoA\1989\PA694_1989.pdf,VF
1565,1989,PA617,\\lais\landreg$\PoA\1989\PA617_1989.pdf,VF
1566,1989,PA692,\\lais\landreg$\PoA\1989\PA692_1989.pdf,VF
1567,1989,PA691,\\lais\landreg$\PoA\1989\PA691_1989.pdf,VF
1568,1989,PA616,\\lais\landreg$\PoA\1989\PA616_1989.pdf,VF
1569,1989,PA690,\\lais\landreg$\PoA\1989\PA690_1989.pdf,VF
1570,1989,PA693,\\lais\landreg$\PoA\1989\PA693_1989.pdf,VF
1571,1989,PA615,\\lais\landreg$\PoA\1989\PA615_1989.pdf,VF
1572,1989,PA710,\\lais\landreg$\PoA\1989\PA710_1989.pdf,VF
1573,1989,PA709,\\lais\landreg$\PoA\1989\PA709_1989.pdf,VF
1574,1989,PA708,\\lais\landreg$\PoA\1989\PA708_1989.pdf,VF
1575,1989,PA613,\\lais\landreg$\PoA\1989\PA613_1989.pdf,VF
1576,1989,PA707,\\lais\landreg$\PoA\1989\PA707_1989.pdf,VF
1577,1989,PA706,\\lais\landreg$\PoA\1989\PA706_1989.pdf,VF
1578,1989,PA705,\\lais\landreg$\PoA\1989\PA705_1989.pdf,VF
1579,1989,PA704,\\lais\landreg$\PoA\1989\PA704_1989.pdf,VF
1580,1989,PA702,\\lais\landreg$\PoA\1989\PA702_1989.pdf,VF
1581,1989,PA703,\\lais\landreg$\PoA\1989\PA703_1989.pdf,VF
1582,1989,PA701,\\lais\landreg$\PoA\1989\PA701_1989.pdf,VF
1583,1989,PA612,\\lais\landreg$\PoA\1989\PA612_1989.pdf,VF
1585,1989,PA700,\\lais\landreg$\PoA\1989\PA700_1989.pdf,VF
1586,1989,PA611,\\lais\landreg$\PoA\1989\PA611_1989.pdf,VF
1588,1989,PA610,\\lais\landreg$\PoA\1989\PA610_1989.pdf,VF
1589,1989,PA687,\\lais\landreg$\PoA\1989\PA687_1989.pdf,VF
1590,1989,PA688,\\lais\landreg$\PoA\1989\PA688_1989.pdf,VF
1591,1989,PA686,\\lais\landreg$\PoA\1989\PA686_1989.pdf,VF
1592,1989,PA609,\\lais\landreg$\PoA\1989\PA609_1989.pdf,VF
1593,1989,PA685,\\lais\landreg$\PoA\1989\PA685_1989.pdf,VF
1594,1989,PA607,\\lais\landreg$\PoA\1989\PA607_1989.pdf,VF
1595,1989,PA608,\\lais\landreg$\PoA\1989\PA608_1989.pdf,VF
1596,1989,PA683,\\lais\landreg$\PoA\1989\PA683_1989.pdf,VF
1597,1989,PA606,\\lais\landreg$\PoA\1989\PA606_1989.pdf,VF
1598,1989,PA682,\\lais\landreg$\PoA\1989\PA682_1989.pdf,VF
1599,1989,PA684,\\lais\landreg$\PoA\1989\PA684_1989.pdf,VF
1600,1989,PA605,\\lais\landreg$\PoA\1989\PA605_1989.pdf,VF
1601,1989,PA680,\\lais\landreg$\PoA\1989\PA680_1989.pdf,VF
1602,1989,PA681,\\lais\landreg$\PoA\1989\PA681_1989.pdf,VF
1603,1989,PA604,\\lais\landreg$\PoA\1989\PA604_1989.pdf,VF
1604,1989,PA678,\\lais\landreg$\PoA\1989\PA678_1989.pdf,VF
1605,1989,PA679,\\lais\landreg$\PoA\1989\PA679_1989.pdf,VF
1606,1989,PA601,\\lais\landreg$\PoA\1989\PA601_1989.pdf,VF
1607,1989,PA677,\\lais\landreg$\PoA\1989\PA677_1989.pdf,VF
1608,1989,PA602,\\lais\landreg$\PoA\1989\PA602_1989.pdf,VF
1609,1989,PA676,\\lais\landreg$\PoA\1989\PA676_1989.pdf,VF
1610,1989,PA675,\\lais\landreg$\PoA\1989\PA675_1989.pdf,VF
1611,1989,PA614,\\lais\landreg$\PoA\1989\PA614_1989.pdf,VF
1612,1989,PA673,\\lais\landreg$\PoA\1989\PA673_1989.pdf,VF
1613,1989,PA637,\\lais\landreg$\PoA\1989\PA637_1989.pdf,VF
1614,1989,PA672,\\lais\landreg$\PoA\1989\PA672_1989.pdf,VF
1615,1989,PA674,\\lais\landreg$\PoA\1989\PA674_1989.pdf,VF
1616,1989,PA639,\\lais\landreg$\PoA\1989\PA639_1989.pdf,VF
1617,1989,PA671,\\lais\landreg$\PoA\1989\PA671_1989.pdf,VF
1618,1989,PA670,\\lais\landreg$\PoA\1989\PA670_1989.pdf,VF
1619,1989,PA633,\\lais\landreg$\PoA\1989\PA633_1989.pdf,VF
1620,1989,PA668,\\lais\landreg$\PoA\1989\PA668_1989.pdf,VF
1621,1989,PA638,\\lais\landreg$\PoA\1989\PA638_1989.pdf,VF
1622,1989,PA666,\\lais\landreg$\PoA\1989\PA666_1989.pdf,VF
1623,1989,PA665,\\lais\landreg$\PoA\1989\PA665_1989.pdf,VF
1624,1989,PA640,\\lais\landreg$\PoA\1989\PA640_1989.pdf,VF
1625,1989,PA664,\\lais\landreg$\PoA\1989\PA664_1989.pdf,VF
1626,1989,PA667,\\lais\landreg$\PoA\1989\PA667_1989.pdf,VF
1627,1989,PA663,\\lais\landreg$\PoA\1989\PA663_1989.pdf,VF
1628,1989,PA644,\\lais\landreg$\PoA\1989\PA644_1989.pdf,VF
1629,1989,PA662,\\lais\landreg$\PoA\1989\PA662_1989.pdf,VF
1630,1989,PA661,\\lais\landreg$\PoA\1989\PA661_1989.pdf,VF
1631,1989,PA621,\\lais\landreg$\PoA\1989\PA621_1989.pdf,VF
1632,1989,PA632,\\lais\landreg$\PoA\1989\PA632_1989.pdf,VF
1633,1989,PA660,\\lais\landreg$\PoA\1989\PA660_1989.pdf,VF
1634,1989,PA603,\\lais\landreg$\PoA\1989\PA603_1989.pdf,VF
1635,1989,PA658,\\lais\landreg$\PoA\1989\PA658_1989.pdf,VF
1636,1989,PA659,\\lais\landreg$\PoA\1989\PA659_1989.pdf,VF
1637,1989,PA649,\\lais\landreg$\PoA\1989\PA649_1989.pdf,VF
1638,1989,PA657,\\lais\landreg$\PoA\1989\PA657_1989.pdf,VF
1639,1989,PA656,\\lais\landreg$\PoA\1989\PA656_1989.pdf,VF
1640,1989,PA648,\\lais\landreg$\PoA\1989\PA648_1989.pdf,VF
1641,1989,PA655,\\lais\landreg$\PoA\1989\PA655_1989.pdf,VF
1642,1989,PA652,\\lais\landreg$\PoA\1989\PA652_1989.pdf,VF
1643,1989,PA654,\\lais\landreg$\PoA\1989\PA654_1989.pdf,VF
1644,1989,PA651,\\lais\landreg$\PoA\1989\PA651_1989.pdf,VF
1645,1989,PA653,\\lais\landreg$\PoA\1989\PA653_1989.pdf,VF
1646,1989,PA689,\\lais\landreg$\PoA\1989\PA689_1989.pdf,VF
2773,1989,PA84,\\lais\landreg$\PoA\1989\PA84_1989.pdf,VF
2776,1989,PA71,\\lais\landreg$\PoA\1989\PA71_1989.pdf,VF
2784,1989,PA325,\\lais\landreg$\PoA\1989\PA325_1989.pdf,VF
2785,1989,PA364,\\lais\landreg$\PoA\1989\PA364_1989.pdf,VF
2786,1989,PA355,\\lais\landreg$\PoA\1989\PA355_1989.pdf,VF
2787,1989,PA386,\\lais\landreg$\PoA\1989\PA386_1989.pdf,VF
2788,1989,PA376,\\lais\landreg$\PoA\1989\PA376_1989.pdf,VF
2790,1989,PA560,\\lais\landreg$\PoA\1989\PA560_1989.pdf,VF
2792,1989,PA559,\\lais\landreg$\PoA\1989\PA559_1989.pdf,VF
2794,1989,PA558,\\lais\landreg$\PoA\1989\PA558_1989.pdf,VF
2795,1989,PA557,\\lais\landreg$\PoA\1989\PA557_1989.pdf,VF
2797,1989,PA578,\\lais\landreg$\PoA\1989\PA578_1989.pdf,VF
2798,1989,PA591,\\lais\landreg$\PoA\1989\PA591_1989.pdf,VF
2799,1989,PA590,\\lais\landreg$\PoA\1989\PA590_1989.pdf,VF
2800,1989,PA589,\\lais\landreg$\PoA\1989\PA589_1989.pdf,VF
2802,1989,PA650,\\lais\landreg$\PoA\1989\PA650_1989.pdf,VF
2803,1989,PA699,\\lais\landreg$\PoA\1989\PA699_1989.pdf,VF
2804,1989,PA698,\\lais\landreg$\PoA\1989\PA698_1989.pdf,VF
2806,1989,PA697,\\lais\landreg$\PoA\1989\PA697_1989.pdf,VF
5943,1996,PA146,\\lais\landreg$\PoA\1996\PA146_1996.pdf,VF
7353,1989,PA669,\\lais\landreg$\PoA\1989\PA669_1989.pdf,VF
11677,2003,PA637,\\lais\landreg$\PoA\2003\PA637_2003.pdf,VF
13541,2005,PA459,\\lais\landreg$\PoA\2005\PA459_2005.pdf,VF
13760,2005,PA319,\\lais\landreg$\PoA\2005\PA319_2005.pdf,VF
14008,2005,PA875,\\lais\landreg$\PoA\2005\PA875_2005.pdf,VF
15148,2006,PA1128,\\lais\landreg$\PoA\2006\PA1128_2006.pdf,VF
17593,2009,PA335,\\lais\landreg$\PoA\2009\PA335_2009.pdf,VF
17999,2009,PA670,\\lais\landreg$\PoA\2009\PA670_2009.pdf,VF
18287,2009,PA61,\\lais\landreg$\PoA\2009\PA61_2009.pdf,VF
20396,2012,PA46,\\lais\landreg$\PoA\2012\PA46_2012.pdf,VF
20967,2012,PA750,\\lais\landreg$\PoA\2012\PA750_2012.pdf,VF
21303,2009,PA61,\\lais\landreg$\PoA\2009\PA61_2009.pdf,VF
21705,2013,PA257,\\lais\landreg$\PoA\2013\PA257_2013.pdf,VF
22092,2013,PA797,\\lais\landreg$\PoA\2013\PA797_2013.pdf,VF
22149,2013,PA744,\\lais\landreg$\PoA\2013\PA744_2013.pdf,VF
22389,2014,PA254,\\lais\landreg$\PoA\2014\PA254_2014.pdf,VF
22802,2005,PA459,\\lais\landreg$\PoA\2005\PA459_2005.pdf,VF
23152,2014,PA806,\\lais\landreg$\PoA\2014\PA806_2014.pdf,VF
23156,2014,PA807,\\lais\landreg$\PoA\2014\PA807_2014.pdf,VF
23322,2015,PA93,\\lais\landreg$\PoA\2015\PA93_2015.pdf,VF
23541,2015,PA390,\\lais\landreg$\PoA\2015\PA390_2015.pdf,VF
23569,2015,PA282,\\lais\landreg$\PoA\2015\PA282_2015.pdf,VF
23578,2015,PA201,\\lais\landreg$\PoA\2015\PA201_2015.pdf,VF
23606,2015,PA191,\\lais\landreg$\PoA\2015\PA191_2015.pdf,VF
23626,2015,PA477,\\lais\landreg$\PoA\2015\PA477_2015.pdf,VF
23745,2015,563,\\lais\landreg$\PoA\2015\PA563_2015.pdf,VF
23813,2015,PA630,\\lais\landreg$\PoA\2015\PA630_2015.pdf,VF
23819,2015,PA646,\\lais\landreg$\PoA\2015\PA646_2015.pdf,VF
23970,2014,PA807,\\lais\landreg$\PoA\2014\PA807_2014.pdf,AV
24067,2015,PA875,\\lais\landreg$\PoA\2015\PA875_2015.pdf,VF
24069,2015,PA886,\\lais\landreg$\PoA\2015\PA886_2015.pdf,VF
24079,2015,PA884,\\lais\landreg$\PoA\2015\PA884_2015.pdf,VF
24080,2015,PA883,\\lais\landreg$\PoA\2015\PA883_2015.pdf,VF
24082,2006,PA1128,\\lais\landreg$\PoA\2006\PA1128_2006.pdf,VF
24124,2015,PA28,\\lais\landreg$\PoA\2015\PA28_2015.pdf,VF
24143,2005,PA459,\\lais\landreg$\PoA\2005\PA459_2005.pdf,VF
24233,2016,PA74,\\lais\landreg$\PoA\2016\PA74_2016.pdf,VF
24567,2013,PA797,\\lais\landreg$\PoA\2013\PA797_2013.pdf,VF
24588,2015,PA201,\\lais\landreg$\PoA\2015\PA201_2015.pdf,VF
24618,2005,PA319,\\lais\landreg$\PoA\2005\PA319_2005.pdf,VF
24653,2016,PA385,\\lais\landreg$\PoA\2016\PA385_2016.pdf,VF
24654,2016,PA385,\\lais\landreg$\PoA\2016\PA385_2016.pdf,VF
24696,2003,PA637,\\lais\landreg$\PoA\2003\PA637_2003.pdf,VF
24935,2012,PA750,\\lais\landreg$\PoA\2012\PA750_2012.pdf,VF
24946,2016,PA148,\\lais\landreg$\PoA\2016\PA148_2016.pdf,VF
24967,2016,PA323,\\lais\landreg$\PoA\2016\PA323_2016.pdf,AV
25022,2016,PA826,\\lais\landreg$\PoA\2016\PA826_2016.pdf,VF
25027,2016,PA477,\\lais\landreg$\PoA\2016\PA477_2016.pdf,VF
25124,2016,PA897,\\lais\landreg$\PoA\2016\PA897_2016.pdf,VF
25170,2017,PA178,\\lais\landreg$\PoA\2017\PA178_2017.pdf,VF
25186,2017,PA159,\\lais\landreg$\PoA\2017\PA159_2017.pdf,RJ
25189,2016,PA311,\\lais\landreg$\PoA\2016\PA311_2016.pdf,VF
25200,2017,PA181,\\lais\landreg$\PoA\2017\PA181_2017.pdf,VF
25225,2017,PA182,\\lais\landreg$\PoA\2017\PA182_2017.pdf,RJ
25377,2009,PA335,\\lais\landreg$\PoA\2009\PA335_2009.pdf,VF
25430,2017,PA186,\\lais\landreg$\PoA\2017\PA186_2017.pdf,AV
25582,2009,PA335,\\lais\landreg$\PoA\2009\PA335_2009.pdf,AV
25596,2016,PA148,\\lais\landreg$\PoA\2016\PA148_2016.pdf,AV
25505,2017,PA412,\\lais\landreg$\PoA\2017\PA412_2017.pdf,AV
25509,2017,PA417,\\lais\landreg$\PoA\2017\PA417_2017.pdf,AV
25516,2017,PA416,\\lais\landreg$\PoA\2017\PA416_2017.pdf,AV
25572,2016,PA897,\\lais\landreg$\PoA\2016\PA897_2016.pdf,AV
25623,2006,PA1128,\\lais\landreg$\PoA\2006\PA1128_2006.pdf,AV
25626,2015,PA201,\\lais\landreg$\PoA\2015\PA201_2015.pdf,AV
25649,2016,PA477,\\lais\landreg$\PoA\2016\PA477_2016.pdf,AV
25652,2005,PA875,\\lais\landreg$\PoA\2005\PA875_2005.pdf,AV
25654,2017,PA6,\\lais\landreg$\PoA\2017\PA6_2017.pdf,AV
25655,2016,PA907,\\lais\landreg$\PoA\2016\PA907_2016.pdf,AV
25659,2017,PA395,\\lais\landreg$\PoA\2017\PA395_2017.pdf,AV
